{ 
   "pessoas": 
   [ 
      { 
       "Nome":"Samanta Cristina",  
       "Endereco":"Rua do Ceu", 
       "Nacionalidade":"Brasileira", 
       "Idade":39, 
       "Sexo":"Feminino" 
      }, 
     { 
       "Nome":"Ildete Batista",  
       "Endereco":"Arlindo Durante", 
       "Nacionalidade":"Brasileira", 
       "Idade":45, 
       "Sexo":"Feminino" 
      }, 
     { 
       "Nome":"Jaqueline Mota",  
       "Endereco":"Rua Hermes Fonseca", 
       "Nacionalidade":"Brasileira", 
       "Idade":35, 
       "Sexo":"Feminino" 
      }, 
     { 
       "Nome":"Augusto dos Santos",  
       "Endereco":"Rua Hermes Fonseca", 
       "Nacionalidade":"Brasileiro", 
       "Idade":36, 
       "Sexo":"Masculino" 
      }, 
     { 
       "Nome":"Luiz Silva",  
       "Endereco":"Avenida Vital Brasil", 
       "Nacionalidade":"Brasileiro", 
       "Idade":34, 
       "Sexo":"Masculino" 
      }, 
     { 
       "Nome":"Eurilene Costa",  
       "Endereco":"Rua Pedro Americo", 
       "Nacionalidade":"Brasileira", 
       "Idade":40, 
       "Sexo":"Feminino" 
      }, 
     { 
       "Nome":"Julia Costa",  
       "Endereco":"Rua Azulada", 
       "Nacionalidade":"Brasileira", 
       "Idade":18, 
       "Sexo":"Feminino" 
      }, 
     { 
       "Nome":"Erick Santos",  
       "Endereco":"Rua Quinze", 
       "Nacionalidade":"Brasileiro", 
       "Idade":19, 
       "Sexo":"Masculino" 
      }, 
     { 
       "Nome":"Alan Silveira Alves",  
       "Endereco":"Rua Um", 
       "Nacionalidade":"Brasileiro", 
       "Idade":23, 
       "Sexo":"Masculino" 
      }, 
     { 
       "Nome":"Davila dos Santos",  
       "Endereco":"Rua Cinco", 
       "Nacionalidade":"Brasileira", 
       "Idade":30, 
       "Sexo":"Feminino" 
      }     
   ]   
 }